镜号,时间码,时长(秒),景别,生成方式,画面提示词(复制进即梦/可灵),负面提示词,旁白/台词,音效,后期备注
1,0:00-0:02.5,2.5,特写,"图生视频 ★","竖屏9:16，日系平涂漫剧风格，清晰线稿，低饱和青灰冷色调，暗部厚重，水汽朦胧氛围，8K高清，电影感光比，画面简洁主体突出；浴室镜面前景特写，弥漫水汽中一只湿手从雾里伸出按向镜面，指尖在镜面拖出一道水痕，画面只取手部与镜面，无人物正脸，镜头缓慢推近，浅景深","裸露，血腥，真鬼脸，恐怖妆容，畸形怪物，五官扭曲，多余手指，多余手臂，多人，模糊，噪点，粗糙线条，色彩艳丽，画面过曝，文字乱码，水印，logo","旁白：搬进来的第一天，房东只跟我说了一句话。","水声、低频嗡鸣、末尾静音0.3秒","冷开场第一帧必须同时出现水汽与手，不要留缓冲"
2,0:02.5-0:04.5,2.0,字幕卡,"剪映后期","（无画面，黑底白字字幕卡：守则第三条 —— 洗头时必须闭眼）","—","（无）","静音后一声闷雷","字体用硬朗黑体，白字，可加轻微抖动"
3,0:04.5-0:07.5,3.0,大全景,"静态+缓慢推镜","竖屏9:16，日系平涂漫剧风格，清晰线稿，低饱和青灰冷色调，暗部厚重，8K高清，电影感光比；雨夜老旧居民楼外景，六层老楼，五楼一扇窗亮暖黄灯，雨丝斜落，楼下垃圾桶与电动车，潮湿路面反光，镜头大全景略仰角缓慢推镜","血腥，真鬼脸，畸形怪物，多人，模糊，噪点，粗糙线条，色彩艳丽，画面过曝，文字乱码，水印","（无）","雨声、远处车流、雷声余韵","给观众一个空间锚点，镜头不要动太快"
4,0:07.5-0:10.5,3.0,中景,"静态","竖屏9:16，日系平涂漫剧风格，清晰线稿，低饱和青灰冷色调，暗部厚重，暖黄台灯侧光与走廊冷光对比，8K高清；年轻男性蔡易，23岁，黑色短发微乱，单眼皮，眉骨突出，鼻梁挺直，肤色偏白，身形偏瘦，穿白色短袖T恤与深灰色短裤；老式防盗门玄关，生锈铁门，门缝漏出昏黄灯光；蔡易拖着黑色旧硬壳行李箱推门而入，侧头看向屋内，神情警惕，镜头中景固定机位","裸露，五官扭曲，脸型变化，表情怪异，畸形肢体，多余手指，多余手臂，多人，模糊，噪点，粗糙线条，色彩艳丽，文字乱码，水印","旁白：市中心，独立卫浴，月租一千五。","行李箱轮子碾过地砖、门轴尖叫","门口光线要暗，只留门缝暖黄光"
5,0:10.5-0:13.0,2.5,特写,"静态","竖屏9:16，日系平涂漫剧风格，清晰线稿，低饱和青灰冷色调，暖黄台灯侧光，8K高清；玄关鞋柜特写，柜面放着钥匙与一张泛黄卷边纸条，纸面文字留白，灰尘在光柱里浮动，镜头特写俯拍微距","模糊，噪点，粗糙线条，色彩艳丽，文字乱码，水印，logo","房东（画外音）：规矩都贴在浴室，别不当回事。","脚步声、钥匙碰撞","纸条文字务必后期加，AI 生中文必乱码"
6,0:13.0-0:16.0,3.0,全景,"静态+前进跟镜","竖屏9:16，日系平涂漫剧风格，清晰线稿，低饱和青灰冷色调，暗部厚重，走廊灯管冷光，8K高清；年轻男性蔡易，23岁，黑色短发微乱，单眼皮，肤色偏白，身形偏瘦，白色短袖T恤与深灰色短裤；老旧合租走廊，两侧墙皮斑驳脱落，尽头一盏吊灯闪烁，电线裸露；蔡易背影站立回头，纵深透视强烈，镜头全景缓慢前进跟镜","裸露，脸型变化，畸形肢体，多人，模糊，噪点，粗糙线条，色彩艳丽，文字乱码，水印","蔡易（内心）：我当时以为他在开玩笑。","走廊灯管电流滋滋声、脚步回响","背影镜头最容易稳，可当封面备选"
7,0:16.0-0:19.0,3.0,特写,"静态+缓慢推镜","竖屏9:16，日系平涂漫剧风格，清晰线稿，低饱和青灰冷色调，暗部厚重，冷白顶光加湿润反光，水汽朦胧氛围，8K高清；老旧合租单间浴室，白色瓷砖泛黄，砖缝发黑，镜面布满水渍；洗手台上方墙面贴着一张泛黄卷边的纸质守则，纸面文字留白，四角有水渍；镜头特写缓慢推近","模糊，噪点，粗糙线条，色彩艳丽，文字乱码，水印，logo","（无）","滴水声、纸张摩擦","守则纸张必须四角卷边有水渍，方便后续复用"
8,0:19.0-0:21.0,2.0,极特写,"静态+俯拍","竖屏9:16，日系平涂漫剧风格，清晰线稿，低饱和青灰冷色调，暖黄侧光，8K高清；泛黄纸张极特写，第一行文字位置留白，纸张纤维与污渍细节清晰，镜头极特写俯拍","模糊，噪点，粗糙线条，文字乱码，水印，logo","旁白：一，凌晨十二点后，不要照镜子。","纸张摩擦、低频嗡鸣起","后期字幕加：一、凌晨十二点后不要照镜子"
9,0:21.0-0:23.0,2.0,极特写,"静态+俯拍","竖屏9:16，日系平涂漫剧风格，清晰线稿，低饱和青灰冷色调，暖黄侧光，8K高清；泛黄纸张极特写，第二行文字位置留白，纸面有褶皱与水渍，镜头极特写俯拍","模糊，噪点，粗糙线条，文字乱码，水印，logo","旁白：二，听见水声不停，不要应声。","纸张摩擦、低频嗡鸣加强","后期字幕加：二、听见水声不停，不要应声"
10,0:23.0-0:26.0,3.0,特写,"静态+浅景深","竖屏9:16，日系平涂漫剧风格，清晰线稿，低饱和青灰冷色调，暗部厚重，水汽朦胧氛围，8K高清；年轻男性蔡易，23岁，黑色短发微乱，单眼皮，眉骨突出，肤色偏白；蔡易的脸半侧贴近镜面，呼出的气在镜面凝成白雾，镜中倒影极模糊不可辨，纸面第三条位置留白，镜头特写浅景深","裸露，脸型变化，五官错位，清晰鬼脸，真实人脸倒影，双人同框，模糊，噪点，文字乱码","旁白：（停顿半秒）三，洗头时必须闭眼。","尖锐耳鸣、水滴","第三条后期加红圈强调，镜中倒影不要清晰"
11,0:26.0-0:29.0,3.0,中景,"图生视频 ★","竖屏9:16，日系平涂漫剧风格，清晰线稿，低饱和青灰冷色调，暗部厚重，水汽朦胧氛围，8K高清，电影感光比；年轻男性蔡易，23岁，黑色短发微乱，单眼皮，眉骨突出，鼻梁挺直，肤色偏白，身形偏瘦，穿白色短袖T恤；老旧合租单间浴室，白色瓷砖泛黄，镜面布满水渍，吊顶日光灯管忽明忽暗；蔡易闭眼站在花洒下洗头，白T被水浸湿贴身但不透明，镜头只取胸以上，暖白背光形成肩部剪影，水珠沿发梢滴落，镜头低机位略仰拍轻微手持晃动","裸露，露点，背部全裸，色情暗示，低俗姿势，五官扭曲，脸型变化，畸形肢体，多余手指，多人，模糊，噪点，粗糙线条，色彩艳丽，画面过曝","蔡易（轻笑）：闭眼洗头而已。","水流声起、灯管电流声","只拍到胸以上，湿身不透，这是硬红线"
12,0:29.0-0:31.5,2.5,特写,"静态","竖屏9:16，日系平涂漫剧风格，清晰线稿，低饱和青灰冷色调，暗部厚重，水汽朦胧氛围，8K高清；年轻男性蔡易，23岁，黑色短发微乱，单眼皮，眉骨突出，肤色偏白；面部特写，紧闭双眼，眉头紧皱，水从额头流下，睫毛挂着水珠，皮肤湿润，背景是白蒙蒙的水汽，镜头特写固定机位","裸露，露点，五官扭曲，脸型变化，双眼不对称，表情怪异，多人，模糊，噪点，粗糙线条，画面过曝","（无）","水流声、轻柔呼吸声","闭眼是核心规则，这一镜要拍清楚他确实闭着眼"
13,0:31.5-0:34.0,2.5,特写,"静态+浅景深","竖屏9:16，日系平涂漫剧风格，清晰线稿，低饱和青灰冷色调，暗部厚重，水汽朦胧氛围，8K高清；下巴与水珠特写，水珠从下颌滴落，背景虚化的镜面反着模糊暖光，皮肤湿润质感，镜头特写固定浅景深","裸露，露点，脸型变化，畸形肢体，多人，模糊，噪点，粗糙线条","（无）","水滴声、水声持续","空镜过渡，给观众喘一口气"
14,0:34.0-0:37.0,3.0,近景,"图生视频 ★","竖屏9:16，日系平涂漫剧风格，清晰线稿，低饱和青灰冷色调，暗部厚重，水汽朦胧氛围，8K高清，电影感光比；年轻男性蔡易，23岁，黑色短发微乱，单眼皮，肤色偏白，身形偏瘦，白色短袖T恤；老旧合租单间浴室，镜面布满水渍；镜面视角近景，蔡易背影闭眼洗头，水汽在镜面上缓慢流动，雾气中隐约有一个不属于他的呼吸轮廓，仅极模糊人形雾影，无任何面部特征，镜头近景极缓慢推镜","裸露，露点，清晰鬼脸，真实人脸倒影，恐怖妆容，畸形怪物，双人同框，多人，模糊，噪点，粗糙线条，色彩艳丽","旁白：我数到三，听见了第二个人的呼吸。","第二道呼吸声混入水声、心跳起","全片恐怖源就是这道呼吸，音效比画面更重要"
15,0:37.0-0:39.0,2.0,大特写,"静态+浅景深","竖屏9:16，日系平涂漫剧风格，清晰线稿，低饱和青灰冷色调，暗部厚重，水汽朦胧氛围，8K高清；年轻男性蔡易，23岁，黑色短发微乱，单眼皮，肤色偏白；侧脸与耳廓大特写，水珠沿耳廓滑落，眼睛紧闭不敢睁开，神情紧绷，镜头大特写浅景深","裸露，露点，五官扭曲，脸型变化，双眼不对称，畸形肢体，多人，模糊，噪点，粗糙线条","（无）","水滴落于耳廓、第二道呼吸贴近","耳廓是恐怖的听觉视觉化，特写要有细节"
16,0:39.0-0:41.5,2.5,特写,"静态+轻微上移","竖屏9:16，日系平涂漫剧风格，清晰线稿，低饱和青灰冷色调，暗部厚重，水汽朦胧氛围，8K高清；手部特写，蔡易的手指抓紧瓷砖边缘，指节泛白，水流过手背，皮肤湿润，镜头特写轻微上移","裸露，露点，畸形手指，多余手指，多余手臂，模糊，噪点，粗糙线条","（无）","心跳加速、抓握瓷砖的摩擦声","手指畸形是高频废片，出图后务必逐张检查手指"
17,0:41.5-0:44.5,3.0,中景,"图生视频 ★","竖屏9:16，日系平涂漫剧风格，清晰线稿，低饱和青灰冷色调，暗部厚重，水汽朦胧氛围，8K高清，电影感光比；年轻男性蔡易，23岁，黑色短发微乱，单眼皮，肤色偏白，身形偏瘦，白色短袖T恤；老旧合租单间浴室，白色瓷砖泛黄，吊顶日光灯管剧烈闪烁；蔡易仍紧闭双眼站立在水中，画面一亮一暗交替，水汽在暗部翻涌，镜头中景固定机位灯光频闪","裸露，露点，背部全裸，五官扭曲，脸型变化，畸形肢体，多余手指，多人，模糊，噪点，粗糙线条，色彩艳丽，画面过曝","（无）","灯管频闪电流声、心跳120","频闪由后期做更稳：生成一张干净图，再叠亮度关键帧"
18,0:44.5-0:47.0,2.5,特写,"静态+缓慢推近","竖屏9:16，日系平涂漫剧风格，清晰线稿，低饱和青灰冷色调，暗部厚重，水汽朦胧氛围，8K高清；金属花洒特写，水流突然变细变慢，水汽瞬间加浓并向镜头涌来，花洒表面凝结水珠，水垢细节清晰，镜头特写缓慢推近","裸露，血腥，模糊，噪点，粗糙线条，色彩艳丽，画面过曝","（无）","水流变细的嘶声、低频压迫音","让观众感到环境在变化，不要出现任何血红色"
19,0:47.0-0:50.0,3.0,全景,"图生视频 ★","竖屏9:16，日系平涂漫剧风格，清晰线稿，低饱和青灰冷色调，暗部厚重，水汽朦胧氛围，8K高清，电影感光比；老旧合租单间浴室全景，镜面倒影视角，整面镜子被水汽覆盖，雾气中央缓缓浮现一个模糊人形轮廓，只到肩部，无任何面部特征，全身裹在雾里，蔡易的模糊背影位于画面下方，镜头全景固定，雾气缓慢流动","裸露，清晰鬼脸，真实人脸倒影，恐怖妆容，畸形怪物，双人同框，血腥，多人，模糊，噪点，色彩艳丽","非人声（贴耳、男女声叠音）：睁眼看看我。","叠音低语、第二道呼吸变近、心跳加速","雾影只能给轮廓，绝对不能给正脸，这是过审关键"
20,0:50.0-0:52.5,2.5,特写,"静态+缓慢推近","竖屏9:16，日系平涂漫剧风格，清晰线稿，低饱和青灰冷色调，暗部厚重，水汽朦胧氛围，8K高清；镜面特写，雾气中一只手的轮廓贴在镜子内侧，与镜外蔡易的手掌位置重叠，两只手掌隔着一层玻璃相对，指尖相对，镜头特写缓慢推近","裸露，清晰鬼脸，真实人脸倒影，畸形手指，多余手指，多余手臂，多人，模糊，噪点，粗糙线条","蔡易（咬牙、气声）：不看。","手掌贴玻璃的钝响、心跳","手对掌这镜若生成不稳，改用一张手部图后期水平翻转叠加"
21,0:52.5-0:55.0,2.5,近景,"静态+固定","竖屏9:16，日系平涂漫剧风格，清晰线稿，低饱和青灰冷色调，暗部厚重，水汽朦胧氛围，8K高清；年轻男性蔡易，23岁，黑色短发微乱，单眼皮，肤色偏白，白色短袖T恤；蔡易猛地伸手关掉水阀，水声骤停，他保持闭眼不敢动，肩膀紧绷，水珠仍在滴落，镜头近景固定机位","裸露，露点，背部全裸，五官扭曲，脸型变化，畸形肢体，多余手指，多人，模糊，噪点，粗糙线条","（无）","水声骤停、全场安静、只剩滴水","最安静的一镜，后期把环境音压到最低，留 1 秒纯静音"
22,0:55.0-0:58.0,3.0,大特写,"图生视频 ★","竖屏9:16，日系平涂漫剧风格，清晰线稿，低饱和青灰冷色调，暗部厚重，水汽朦胧氛围，8K高清，电影感光比；年轻男性蔡易，23岁，黑色短发微乱，单眼皮，眉骨突出，肤色偏白；极近距离眼部特写，蔡易眯眼睁开一条缝看向镜子，睫毛挂着水珠，瞳孔收缩，眼中倒映着模糊的镜面暖光，镜头极特写固定","裸露，露点，五官扭曲，脸型变化，双眼不对称，表情怪异，清晰鬼脸，多人，模糊，噪点，粗糙线条","（无）","心跳到峰值、极轻的吸气声","睁眼瞬间是本集转折点，慢放 0.2 秒更有张力"
23,0:58.0-1:00.0,2.0,特写,"静态+固定","竖屏9:16，日系平涂漫剧风格，清晰线稿，低饱和青灰冷色调，暗部厚重，水汽朦胧氛围，8K高清；镜面特写，雾气上有一枚清晰湿手印，五指张开，水痕顺指缝下滑，镜头特写固定机位","清晰鬼脸，真实人脸倒影，畸形手指，多余手指，模糊，噪点，粗糙线条","旁白：守则我一条没犯。","低频嗡鸣回升","手印要清楚，这是全片最重要的道具"
24,1:00.0-1:03.0,3.0,特写拉远,"静态+缓慢拉成中景","竖屏9:16，日系平涂漫剧风格，清晰线稿，低饱和青灰冷色调，暗部厚重，水汽朦胧氛围，8K高清，电影感光比；镜面特写缓慢后拉成中景，雾气上湿手印的指尖方向朝向镜子内部，蔡易湿透的背影呆立在画面下方，浴室冷白灯光，地砖反光，镜头由特写缓慢拉成中景","裸露，露点，清晰鬼脸，真实人脸倒影，畸形手指，多余手指，多人，模糊，噪点，粗糙线条，色彩艳丽","（无）","水滴被放大、低频嗡鸣","拉镜时手印要在画面中心停留 1 秒以上，让观众看懂"
25,1:03.0-1:05.5,2.5,近景,"静态+轻微晃动","竖屏9:16，日系平涂漫剧风格，清晰线稿，低饱和青灰冷色调，暗部厚重，水汽朦胧氛围，8K高清；年轻男性蔡易，23岁，黑色短发微乱，单眼皮，肤色偏白，白色短袖T恤；蔡易后退撞上洗手台，灰白色旧毛巾从架上滑落到地砖，他喘着气，喉咙紧绷，眼神发直，镜头近景轻微晃动","裸露，露点，背部全裸，五官扭曲，脸型变化，畸形肢体，多余手指，多人，模糊，噪点，粗糙线条","（无）","撞台闷响、毛巾落地、粗重喘息","喘气声要真实，不要用夸张的恐怖音效"
26,1:05.5-1:08.5,3.0,特写,"静态+缓慢推近","竖屏9:16，日系平涂漫剧风格，清晰线稿，低饱和青灰冷色调，暗部厚重，水汽朦胧氛围，8K高清；镜面特写，水汽重新聚拢，湿手印旁水痕慢慢汇成字迹的形状，字迹轮廓留白模糊不可读，暖光反射，镜头特写缓慢推近","清晰鬼脸，真实人脸倒影，文字乱码，可读文字，畸形手指，模糊，噪点，粗糙线条","（无）","水汽凝结声、极低频嗡鸣","字迹后期用剪映加：你闭眼了，可我睁着"
27,1:08.5-1:11.5,3.0,中景,"静态+跟退镜","竖屏9:16，日系平涂漫剧风格，清晰线稿，低饱和青灰冷色调，暗部厚重，走廊灯管冷光，8K高清；年轻男性蔡易，23岁，黑色短发微乱，单眼皮，肤色偏白，白色短袖T恤；蔡易背对镜子快步走出浴室，走廊灯在身后瞬间熄灭，走廊尽头一片漆黑，镜头中景跟退镜","裸露，露点，脸型变化，畸形肢体，多人，模糊，噪点，粗糙线条，色彩艳丽","（无）","急促脚步、灯管熄灭的电流断响","留半秒黑场再接字幕卡，节奏更狠"
28,1:11.5-1:15.0,3.5,字幕卡,"剪映后期","（无画面，黑底白色手写体字幕：可第三集，我从镜子里认出了那张脸 —— 是我自己）","—","旁白（耳语）：守则我一条没犯。","一声滴水被无限放大，然后全静","末帧留 0.5 秒纯黑，提升完播率与评论量"
